{
  "version": 1,
  "author": "J k a viduranga   220663F",
  "editor": "wokwi",
  "parts": [
    { "type": "wokwi-breadboard", "id": "bb1", "top": 83.4, "left": -342.8, "attrs": {} },
    { "type": "board-esp32-devkit-v1", "id": "esp", "top": 83.68, "left": -456, "attrs": {} },
    {
      "type": "wokwi-dht22",
      "id": "dht1",
      "top": -76.5,
      "left": -111,
      "attrs": { "humidity": "83", "temperature": "68.3" }
    },
    {
      "type": "wokwi-pushbutton",
      "id": "UP",
      "top": 153,
      "left": -102.6,
      "rotate": 90,
      "attrs": { "color": "red", "xray": "1", "bounce": "1" }
    },
    {
      "type": "wokwi-pushbutton",
      "id": "OK",
      "top": 153,
      "left": 22.2,
      "rotate": 90,
      "attrs": { "color": "blue", "xray": "1" }
    },
    {
      "type": "wokwi-pushbutton",
      "id": "DOWN",
      "top": 153,
      "left": 127.8,
      "rotate": 90,
      "attrs": { "color": "yellow", "xray": "1" }
    },
    {
      "type": "wokwi-pushbutton",
      "id": "CANCEL",
      "top": 153,
      "left": 233.4,
      "rotate": 90,
      "attrs": { "color": "green", "xray": "1" }
    },
    {
      "type": "board-ssd1306",
      "id": "oled1",
      "top": 233.54,
      "left": -316.57,
      "attrs": { "i2cAddress": "0x3c" }
    },
    {
      "type": "wokwi-buzzer",
      "id": "bz1",
      "top": 50.4,
      "left": -238.2,
      "attrs": { "volume": "0.1" }
    },
    {
      "type": "wokwi-led",
      "id": "led1",
      "top": 92.4,
      "left": -332.2,
      "attrs": { "color": "red" }
    },
    {
      "type": "wokwi-resistor",
      "id": "r1",
      "top": 195.4,
      "left": -154.45,
      "rotate": 270,
      "attrs": { "value": "1000" }
    },
    {
      "type": "wokwi-resistor",
      "id": "r2",
      "top": 196.8,
      "left": 76.25,
      "rotate": 90,
      "attrs": { "value": "1000" }
    },
    {
      "type": "wokwi-resistor",
      "id": "r3",
      "top": 196.8,
      "left": -29.35,
      "rotate": 90,
      "attrs": { "value": "1000" }
    },
    {
      "type": "wokwi-resistor",
      "id": "r4",
      "top": 196.8,
      "left": 181.85,
      "rotate": 90,
      "attrs": { "value": "1000" }
    },
    {
      "type": "wokwi-resistor",
      "id": "r5",
      "top": 168,
      "left": -336.55,
      "rotate": 90,
      "attrs": { "value": "100" }
    },
    {
      "type": "wokwi-resistor",
      "id": "r6",
      "top": 168,
      "left": -230.95,
      "rotate": 90,
      "attrs": { "value": "100" }
    },
    {
      "type": "wokwi-photoresistor-sensor",
      "id": "ldr1",
      "top": 368,
      "left": -498.4,
      "attrs": {}
    },
    { "type": "wokwi-servo", "id": "servo1", "top": 343.6, "left": -19.2, "attrs": {} }
  ],
  "connections": [
    [ "esp:TX", "$serialMonitor:RX", "", [] ],
    [ "esp:RX", "$serialMonitor:TX", "", [] ],
    [ "esp:GND.1", "bb1:tn.1", "black", [ "h28.31", "v-124.8" ] ],
    [ "esp:3V3", "bb1:tp.1", "red", [ "v0", "h18.71", "v-144" ] ],
    [ "bb1:1t.b", "esp:GND.1", "black", [ "v0", "h-9.6", "v0" ] ],
    [ "bb1:12t.b", "bb1:tn.5", "black", [ "v-19.2", "h-38.4" ] ],
    [ "bb1:tn.3", "bb1:5b.i", "black", [ "v0" ] ],
    [ "bb1:tp.4", "bb1:6b.i", "red", [ "v0" ] ],
    [ "dht1:VCC", "bb1:tp.19", "red", [ "v0" ] ],
    [ "dht1:GND", "bb1:tn.21", "black", [ "v0" ] ],
    [ "esp:D12", "dht1:SDA", "magenta", [ "h-28.8", "v-163.2", "h393.6", "v-9.6" ] ],
    [ "esp:D5", "bb1:13b.g", "magenta", [ "h0" ] ],
    [ "esp:D22", "bb1:7b.g", "orange", [ "h9.11", "v96" ] ],
    [ "esp:D21", "bb1:8b.f", "blue", [ "h-10.09", "v38.4", "h105.6" ] ],
    [ "bb1:21t.a", "esp:D33", "white", [ "v-201.6", "h-384", "v230.4" ] ],
    [ "esp:D32", "bb1:34t.a", "white", [ "h-38.4", "v-249.6", "h489.6" ] ],
    [ "esp:D35", "bb1:45t.a", "white", [ "h-19.2", "v-268.8", "h585.6" ] ],
    [ "esp:D34", "bb1:56t.a", "white", [ "h-9.6", "v-268.8", "h681.6" ] ],
    [ "bb1:63t.a", "bb1:tp.50", "red", [ "v0" ] ],
    [ "bb1:tn.15", "r1:1", "black", [ "v0" ] ],
    [ "bb1:tn.25", "r3:2", "black", [ "v0" ] ],
    [ "bb1:tn.35", "r2:2", "black", [ "v0" ] ],
    [ "bb1:tn.45", "r4:2", "black", [ "v0" ] ],
    [ "bb1:28t.a", "bb1:tp.22", "red", [ "v0" ] ],
    [ "bb1:41t.a", "bb1:tp.33", "red", [ "v0" ] ],
    [ "bb1:tp.42", "bb1:52t.a", "red", [ "v0" ] ],
    [ "bb1:21t.b", "UP:2.l", "yellow", [ "v0" ] ],
    [ "bb1:34t.b", "OK:2.l", "yellow", [ "v0" ] ],
    [ "bb1:45t.b", "DOWN:2.l", "yellow", [ "v0" ] ],
    [ "bb1:56t.b", "CANCEL:2.l", "yellow", [ "v0" ] ],
    [ "esp:D2", "bb1:2b.h", "green", [ "h9.11", "v0", "h0", "v9.6" ] ],
    [ "bb1:tp.13", "ldr1:VCC", "red", [ "v288.3", "h-164" ] ],
    [ "bb1:tp.24", "servo1:V+", "red", [ "v0" ] ],
    [ "ldr1:GND", "servo1:GND", "black", [ "h0" ] ],
    [ "bb1:tn.14", "ldr1:GND", "black", [ "v287.9", "h-0.8" ] ],
    [ "ldr1:AO", "esp:VN", "green", [ "h28.8", "v-67.9", "h-268.8", "v-240" ] ],
    [ "esp:D13", "servo1:PWM", "green", [ "h-38.4", "v115.2", "h422.4", "v76.8" ] ],
    [ "UP:1.l", "bb1:28t.b", "", [ "$bb" ] ],
    [ "UP:2.l", "bb1:26t.b", "", [ "$bb" ] ],
    [ "UP:1.r", "bb1:28b.g", "", [ "$bb" ] ],
    [ "UP:2.r", "bb1:26b.g", "", [ "$bb" ] ],
    [ "OK:1.l", "bb1:41t.b", "", [ "$bb" ] ],
    [ "OK:2.l", "bb1:39t.b", "", [ "$bb" ] ],
    [ "OK:1.r", "bb1:41b.g", "", [ "$bb" ] ],
    [ "OK:2.r", "bb1:39b.g", "", [ "$bb" ] ],
    [ "DOWN:1.l", "bb1:52t.b", "", [ "$bb" ] ],
    [ "DOWN:2.l", "bb1:50t.b", "", [ "$bb" ] ],
    [ "DOWN:1.r", "bb1:52b.g", "", [ "$bb" ] ],
    [ "DOWN:2.r", "bb1:50b.g", "", [ "$bb" ] ],
    [ "CANCEL:1.l", "bb1:63t.b", "", [ "$bb" ] ],
    [ "CANCEL:2.l", "bb1:61t.b", "", [ "$bb" ] ],
    [ "CANCEL:1.r", "bb1:63b.g", "", [ "$bb" ] ],
    [ "CANCEL:2.r", "bb1:61b.g", "", [ "$bb" ] ],
    [ "bz1:1", "bb1:12t.a", "", [ "$bb" ] ],
    [ "bz1:2", "bb1:13t.a", "", [ "$bb" ] ],
    [ "led1:A", "bb1:2t.a", "", [ "$bb" ] ],
    [ "led1:C", "bb1:1t.a", "", [ "$bb" ] ],
    [ "r1:1", "bb1:21b.i", "", [ "$bb" ] ],
    [ "r1:2", "bb1:21t.e", "", [ "$bb" ] ],
    [ "r2:1", "bb1:45t.e", "", [ "$bb" ] ],
    [ "r2:2", "bb1:45b.i", "", [ "$bb" ] ],
    [ "r3:1", "bb1:34t.e", "", [ "$bb" ] ],
    [ "r3:2", "bb1:34b.i", "", [ "$bb" ] ],
    [ "r4:1", "bb1:56t.e", "", [ "$bb" ] ],
    [ "r4:2", "bb1:56b.i", "", [ "$bb" ] ],
    [ "r5:1", "bb1:2t.b", "", [ "$bb" ] ],
    [ "r5:2", "bb1:2b.f", "", [ "$bb" ] ],
    [ "r6:1", "bb1:13t.b", "", [ "$bb" ] ],
    [ "r6:2", "bb1:13b.f", "", [ "$bb" ] ],
    [ "oled1:GND", "bb1:5b.j", "", [ "$bb" ] ],
    [ "oled1:VCC", "bb1:6b.j", "", [ "$bb" ] ],
    [ "oled1:SCL", "bb1:7b.j", "", [ "$bb" ] ],
    [ "oled1:SDA", "bb1:8b.j", "", [ "$bb" ] ]
  ],
  "dependencies": {}
}